,Pressures,P_prime,P_star,WIDTH_sub,HEIGHT_sub,WIDTH_mem,THICKNESS_mem,WIDTH_device,HEIGHT_chamber,HEIGHT_device,Stalk_angle,mem_layer,Negative Pressure Adh Force,Pos Pressure Adh Force,Neutral Pressure Adh Force,switching_ratio
0,"[-0.005, 0.005, 0]",-0.004,-0.004,30,1,6.0154617599,1.4017694623,15,4.5370266738,14.0932401876,14.2217356178,10,2.7620382309,1.9986206293,4.267991066,1.3819722414
1,"[-0.005, 0.005, 0]",-0.004,-0.004,30,1,7.3176650172,1.9414976053,15,8.1894685715,12.7980783116,-24.6536474204,10,4.693464756,1.6280899048,4.1394915581,2.8828044092
2,"[-0.005, 0.005, 0]",-0.004,-0.004,30,1,4.9697155165,1.4650694751,15,2.7437757515,11.8856364973,-35.2470904478,10,5.0866770744,2.2050001621,4.8024954796,2.3068828573
3,"[-0.005, 0.005, 0]",-0.004,-0.004,30,1,3.9368803997,2.2042019193,15,2.7695202872,12.2924386658,25.277206119,10,4.8029708862,2.4294960499,4.6217718124,1.9769412206
4,"[-0.005, 0.005, 0]",-0.004,-0.004,30,1,9.1626873539,0.9287542866,15,2.852072447,12.7343247349,43.8801405579,10,3.5475156307,0.7388758659,2.7525312901,4.8012335959
5,"[-0.005, 0.005, 0]",-0.004,-0.004,30,1,9.5606072289,2.0996406118,15,4.0307905797,14.4040995593,29.5387320622,10,3.968133688,1.0851316452,2.941619873,3.6568223823
6,"[-0.005, 0.005, 0]",-0.004,-0.004,30,1,9.8440412475,0.2314751228,15,5.6979820789,12.3967465262,-1.8795145253,10,3.7993946075,0.167428419,3.0842325687,22.692650569
7,"[-0.005, 0.005, 0]",-0.004,-0.004,30,1,6.4064497218,0.3041875587,15,7.6390313612,14.5523030724,-46.7311657987,10,4.8314275742,0.8173160553,3.8647780418,5.9113332509
8,"[-0.005, 0.005, 0]",-0.004,-0.004,30,1,8.6271529672,0.7534826044,15,4.0409140248,12.196593595,12.4336765324,10,4.1059207916,1.0001411438,3.4227297306,4.1053413482
9,"[-0.005, 0.005, 0]",-0.004,-0.004,30,1,6.186532267,2.7132639088,15,6.877079869,12.3488828109,-10.5609495104,10,4.7823810577,2.1521282196,4.4106984138,2.2221636305
10,"[-0.005, 0.005, 0]",-0.004,-0.004,30,1,7.5104626881,1.768922878,15,6.0364301823,14.850320866,16.5534259715,10,4.3955655098,1.6718441248,3.7791781425,2.6291718496
11,"[-0.005, 0.005, 0]",-0.004,-0.004,30,1,9.2928616688,0.9297333292,15,3.8714967582,12.4282328737,6.2365293239,10,4.0531072617,0.7735804319,3.2179472446,5.2394128578
12,"[-0.005, 0.005, 0]",-0.004,-0.004,30,1,5.0632496983,1.0995063189,15,7.6291154642,11.2091379507,-15.3578675215,10,5.0053582191,2.1666092873,4.7865014076,2.3102265132
13,"[-0.005, 0.005, 0]",-0.004,-0.004,30,1,3.8833531964,0.1670924028,15,2.1720284952,11.1713916872,-39.4742649055,10,5.2366127968,2.2353942394,5.0244293213,2.3425902708
14,"[-0.005, 0.005, 0]",-0.004,-0.004,30,1,6.7205232755,0.9415063363,15,3.6915604748,11.1306104233,14.555699475,10,4.5506110191,1.722710371,4.0734205246,2.6415415474
15,"[-0.005, 0.005, 0]",-0.004,-0.004,30,1,9.4320006679,2.4554435653,15,7.7843961178,13.806387243,4.0435118862,10,4.1417021751,1.2340922356,3.196583271,3.3560718201
16,"[-0.005, 0.005, 0]",-0.004,-0.004,30,1,4.7236896926,1.2277926953,15,9.0878703863,14.0972707316,-10.6287908798,10,5.0121674538,2.2785048485,4.8405370712,2.1997615924
17,"[-0.005, 0.005, 0]",-0.004,-0.004,30,1,3.6706587421,1.7758544311,15,6.3110929233,13.2636990417,27.768417498,10,4.7561264038,2.398761034,4.6095366478,1.9827428978
18,"[-0.005, 0.005, 0]",-0.004,-0.004,30,1,7.4969084594,0.6401052575,15,8.3711629939,12.7728515084,-44.3952953361,10,4.6538209915,0.66990453,3.6373240948,6.9469913738
19,"[-0.005, 0.005, 0]",-0.004,-0.004,30,1,4.4759006895,2.4213461475,15,6.7673646658,12.667716613,-19.7011066854,10,5.0521335602,2.4103147984,4.8656430244,2.09604719
20,"[-0.005, 0.005, 0]",-0.004,-0.004,30,1,6.9102186514,2.110259786,15,5.4152603884,13.1861037617,-29.8298699943,10,4.7846589088,1.7807260752,4.2570414543,2.6869146106
21,"[-0.005, 0.005, 0]",-0.004,-0.004,30,1,6.731668868,0.893917612,15,5.4372179145,11.1129127662,25.1357342638,10,4.3744049072,1.6860585213,3.908468008,2.5944561544
22,"[-0.005, 0.005, 0]",-0.004,-0.004,30,1,3.8608197749,2.5610258608,15,6.6608263381,11.814680987,-9.8103969761,10,5.0498223305,2.5330271721,4.9191808701,1.9935918517
23,"[-0.005, 0.005, 0]",-0.004,-0.004,30,1,4.5328637812,1.6907669867,15,2.1628654149,13.2599681137,-17.0715620922,10,5.0648217201,2.3660974503,4.8257813454,2.140580355
24,"[-0.005, 0.005, 0]",-0.004,-0.004,30,1,7.4076240169,1.1940010376,15,9.0614584669,13.248590926,-30.3542596045,10,4.7063512802,1.2754143476,4.0342273712,3.6900567168
25,"[-0.005, 0.005, 0]",-0.004,-0.004,30,1,9.4803973875,0.6717519587,15,5.2392418152,11.4852528826,12.4738759588,10,3.8490548134,0.6071088314,3.0713341236,6.339975
26,"[-0.005, 0.005, 0]",-0.004,-0.004,30,1,4.3055465925,2.318498805,15,8.3422042939,14.0921809367,-2.3576551253,10,4.9847669601,2.454220295,4.8079981804,2.0311000485
27,"[-0.005, 0.005, 0]",-0.004,-0.004,30,1,9.3739862567,2.5290759928,15,4.1592249424,11.7704975216,9.7390860733,10,2.5651106834,1.2805678844,3.1850090027,2.0031040249
28,"[-0.005, 0.005, 0]",-0.004,-0.004,30,1,4.840204506,1.9572111378,15,4.6805820958,11.6234513495,-29.4473891774,10,5.0705461502,2.2671532631,4.8157348633,2.2365255286
29,"[-0.005, 0.005, 0]",-0.004,-0.004,30,1,8.2235746303,0.4385882392,15,8.7458629161,12.9551453873,-9.6671876572,10,4.2352619171,0.9631067514,3.812507391,4.3974999768
30,"[-0.005, 0.005, 0]",-0.004,-0.004,30,1,3.787720808,1.5405020085,15,5.8784494481,14.3739103849,22.3118082487,10,4.8098039627,2.4027853012,4.6561141014,2.0017618554
31,"[-0.005, 0.005, 0]",-0.004,-0.004,30,1,5.4830715301,1.2061376613,15,5.4948667492,11.3170778118,13.3242856148,10,4.7424926758,2.1033701897,4.4309544563,2.2547113671
32,"[-0.005, 0.005, 0]",-0.004,-0.004,30,1,8.204166494,2.6111447946,15,9.1904203619,12.895511322,5.6036818542,10,4.3741855621,1.6663640738,3.6797311306,2.6249879189
33,"[-0.005, 0.005, 0]",-0.004,-0.004,30,1,7.0417910311,1.5508050968,15,3.8590507183,14.3555561778,-10.4306574025,10,4.7034664154,1.7359945774,4.1590776443,2.709378518
34,"[-0.005, 0.005, 0]",-0.004,-0.004,30,1,6.6890820931,2.8154062651,15,6.2162923845,12.9741542041,-28.549989248,10,4.793112278,1.9810993671,4.3255634308,2.4194204276
35,"[-0.005, 0.005, 0]",-0.004,-0.004,30,1,5.1930522398,1.1983963496,15,5.8291503622,14.8357174489,-2.317626407,10,4.9072875977,2.1774330139,4.6461954117,2.2537031295
36,"[-0.005, 0.005, 0]",-0.004,-0.004,30,1,3.6840044613,0.6700313083,15,3.548538743,14.039077517,15.0625560076,10,2.7967064381,2.3515582085,4.769162178,1.1892992604
37,"[-0.005, 0.005, 0]",-0.004,-0.004,30,1,6.999078462,2.4166696222,15,2.2996588686,13.9656105557,-2.9171671657,10,4.769162178,4.769162178,4.769162178,1
38,"[-0.005, 0.005, 0]",-0.004,-0.004,30,1,3.0591350797,2.7355626321,15,3.3050705004,13.1080018606,4.6071267632,10,5.0444545746,2.5894827843,4.9468584061,1.94805488
39,"[-0.005, 0.005, 0]",-0.004,-0.004,30,1,4.0629352866,0.7806994275,15,3.459738328,14.472999879,8.2698197315,10,4.9628419876,2.3329782486,4.7808551788,2.1272560045
40,"[-0.005, 0.005, 0]",-0.004,-0.004,30,1,9.773330688,1.2682452678,15,8.3024656372,12.6645812467,-22.2093758917,10,4.0411434174,0.5453032255,3.1270129681,7.4108188403
41,"[-0.005, 0.005, 0]",-0.004,-0.004,30,1,3.7591022273,0.8656825387,15,4.114948868,14.7189359702,12.4175946184,10,4.9428935051,2.3748192787,4.7889432907,2.0813766965
42,"[-0.005, 0.005, 0]",-0.004,-0.004,30,1,6.5227917425,2.1836521194,15,3.2224429995,12.673801985,16.2972935526,10,4.6133084297,2.0034139156,4.1253581047,2.3027235629
43,"[-0.005, 0.005, 0]",-0.004,-0.004,30,1,4.0659915203,2.6571455683,15,7.8167450497,14.3865365779,18.7982513458,10,4.8445611,2.4787452221,4.6687049866,1.9544409231
44,"[-0.005, 0.005, 0]",-0.004,-0.004,30,1,7.4691860331,2.8366047505,15,8.6743534559,14.4953102305,11.9609478072,10,4.4693117142,1.9093366861,3.8846116066,2.3407666896
45,"[-0.005, 0.005, 0]",-0.004,-0.004,30,1,5.0624106328,0.9653290962,15,7.500824982,13.9271299156,-39.1456477195,10,5.126909256,1.8067615032,4.6515812874,2.8376236968
46,"[-0.005, 0.005, 0]",-0.004,-0.004,30,1,7.1935406106,1.4091225926,15,8.7175196513,11.704512599,-28.6152935842,10,4.7487125397,1.4661104679,4.1582460403,3.2389868592
47,"[-0.005, 0.005, 0]",-0.004,-0.004,30,1,6.595147598,2.7897200734,15,4.6226813539,11.5325881594,17.9781071325,10,4.5960836411,2.0961952209,4.1096720695,2.1925837799
48,"[-0.005, 0.005, 0]",-0.004,-0.004,30,1,8.8123472227,1.2544918118,15,7.6886852471,12.717312398,30.0575043907,10,3.9352529049,1.0775567293,3.1201109886,3.6520145973
49,"[-0.005, 0.005, 0]",-0.004,-0.004,30,1,8.8766821724,1.0830063899,15,7.6602141267,13.4499999361,4.0045977615,10,1.0952701569,1.004704833,3.4304428101,1.0901412244
50,"[-0.005, 0.005, 0]",-0.004,-0.004,30,1,6.3748994371,0.838419389,15,6.7760047723,14.7719623784,-23.2128308828,10,4.8650422096,1.6755526066,4.4425606728,2.9035448905
51,"[-0.005, 0.005, 0]",-0.004,-0.004,30,1,5.5531708011,1.6577959147,15,6.1594434663,14.6989064364,-4.2311467708,10,4.8647699356,2.155251503,4.560315609,2.2571704179
53,"[-0.005, 0.005, 0]",-0.004,-0.004,30,1,5.0874683723,2.5910564406,15,4.1941593368,12.4517897659,35.8872808092,10,4.5577254295,2.2904224396,4.2577996254,1.9899060325
54,"[-0.005, 0.005, 0]",-0.004,-0.004,30,1,9.7311564066,0.408962404,15,8.3986347506,12.6274756108,25.4193438233,10,3.4806091785,0.3749117851,2.7438588142,9.2838083961
55,"[-0.005, 0.005, 0]",-0.004,-0.004,30,1,7.0706539168,0.9596573281,15,9.7132525023,12.7138775386,35.5029137907,10,0.5539942384,1.5323637724,3.592083931,0.3615291932
56,"[-0.005, 0.005, 0]",-0.004,-0.004,30,1,5.6089650339,1.2711626304,15,6.9787112791,13.1163991983,35.0741670109,10,4.3814768791,1.9837810993,4.0244235992,2.208649372
57,"[-0.005, 0.005, 0]",-0.004,-0.004,30,1,9.5192234645,0.8834482458,15,2.637359754,14.3309793336,-25.7932378005,10,4.1875801086,0.5737416148,3.2452139854,7.298721237
58,"[-0.005, 0.005, 0]",-0.004,-0.004,30,1,4.5620327641,2.7596296279,15,2.6099162072,11.6386734722,43.6693591508,10,3.2452139854,3.2452139854,3.2452139854,1
59,"[-0.005, 0.005, 0]",-0.004,-0.004,30,1,3.5178902134,1.1144682984,15,3.9224811681,13.4522893346,14.7021106462,10,4.9374995232,2.4208965302,4.7996258736,2.0395334793
60,"[-0.005, 0.005, 0]",-0.004,-0.004,30,1,6.857886393,1.6521181816,15,8.8737697176,14.9803130472,3.8973579973,10,4.5813932419,1.8428041935,4.1392374039,2.4860987717
61,"[-0.005, 0.005, 0]",-0.004,-0.004,30,1,7.2166876496,0.3272087051,15,8.0133776298,12.6462512256,11.9325405948,10,4.312681675,1.4361137152,3.9253304005,3.0030224135
62,"[-0.005, 0.005, 0]",-0.004,-0.004,30,1,5.9724191502,1.260451467,15,6.0836192614,12.5056112959,-40.7586457097,10,5.0168113708,1.6609940529,4.4490356445,3.0203668473
63,"[-0.005, 0.005, 0]",-0.004,-0.004,30,1,4.0544876936,1.1101343123,15,8.0489184729,13.1601081681,-14.0507626849,10,5.1085810661,2.3902852535,4.9938950539,2.1372265334
64,"[-0.005, 0.005, 0]",-0.004,-0.004,30,1,3.9917397295,1.7360439119,15,7.1723490454,11.1367967821,-0.3460327984,10,5.0091538429,2.4649493694,4.8693594933,2.0321528324
65,"[-0.005, 0.005, 0]",-0.004,-0.004,30,1,9.231349767,2.7437968992,15,3.1961316472,12.9142691906,35.7896651652,10,4.0435671806,1.3781952858,3.0588581562,2.9339580699
66,"[-0.005, 0.005, 0]",-0.004,-0.004,30,1,4.0252569541,2.1852978409,15,5.5801888956,11.7951867921,-31.9284993087,10,5.1534800529,2.4121990204,4.9868946075,2.1364240717
67,"[-0.005, 0.005, 0]",-0.004,-0.004,30,1,9.4949892109,1.0575436128,15,4.3553180915,14.2520004445,-47.8935879818,10,4.2655487061,0.2688408792,3.0413014889,15.8664438188
68,"[-0.005, 0.005, 0]",-0.004,-0.004,30,1,5.3483401105,2.9234417969,15,7.3470983949,12.5644726883,8.1043488888,10,4.8017439842,2.3558986187,4.5097241402,2.0381793792
69,"[-0.005, 0.005, 0]",-0.004,-0.004,30,1,4.120098427,1.7181537656,15,5.0804620916,12.5421793898,-47.3411641611,10,5.2129321098,2.1665062904,4.9329957962,2.4061467686
70,"[-0.005, 0.005, 0]",-0.004,-0.004,30,1,6.5731145285,2.9194405927,15,5.5718429358,11.4239719946,-2.0245025511,10,4.6976723671,2.1091701984,4.2493314743,2.227260925
71,"[-0.005, 0.005, 0]",-0.004,-0.004,30,1,4.8042982859,1.664163776,15,4.0538725402,12.1468320515,10.1554793786,10,4.8641757965,2.2938990593,4.6123337746,2.1204838011
72,"[-0.005, 0.005, 0]",-0.004,-0.004,30,1,6.0034833169,1.4291152903,15,9.9632118572,12.2633384784,-28.2546556746,10,4.9528651237,1.8256341219,4.5437636375,2.7129560432
73,"[-0.005, 0.005, 0]",-0.004,-0.004,30,1,8.3522658076,1.6876561989,15,7.3905558682,14.6312042098,39.8904332835,10,3.9721357822,1.3332636356,3.2081661224,2.9792575722
74,"[-0.005, 0.005, 0]",-0.004,-0.004,30,1,7.9731563529,2.5540683651,15,5.3062432557,11.7457647682,-44.815354453,10,4.6479420662,1.4315509796,3.87464118,3.2467876676
75,"[-0.005, 0.005, 0]",-0.004,-0.004,30,1,3.9330522045,0.1405676194,15,5.3646472857,12.4300053956,-11.7318462291,10,5.1044545174,2.3082716465,4.9903330803,2.2113751322
76,"[-0.005, 0.005, 0]",-0.004,-0.004,30,1,6.5841448745,2.304155477,15,6.0292632161,12.9920642724,-17.6654279074,10,4.7781591415,1.964892745,4.3357644081,2.4317658832
77,"[-0.005, 0.005, 0]",-0.004,-0.004,30,1,7.5027334484,1.1975795968,15,5.776745531,14.4583116993,-20.8201993057,10,4.6587605476,1.4270828962,4.070166111,3.2645339384
78,"[-0.005, 0.005, 0]",-0.004,-0.004,30,1,7.6260012814,0.3092488511,15,6.3790320708,13.1622584421,-49.747355602,10,4.6641454697,0.3128486276,3.3904790878,14.9086333091
79,"[-0.005, 0.005, 0]",-0.004,-0.004,30,1,8.294025893,1.9492063403,15,4.1136360922,11.8774057719,-41.8984196147,10,4.5760812759,1.2375472784,3.7538306713,3.6977021854
80,"[-0.005, 0.005, 0]",-0.004,-0.004,30,1,6.9560192724,2.5356970876,15,3.7568111866,13.8726076778,-36.1604924985,10,4.7775235176,1.8830697536,4.226421833,2.5370932268
81,"[-0.005, 0.005, 0]",-0.004,-0.004,30,1,7.8454171468,1.5363215173,15,5.3482235216,14.068798667,5.5732628863,10,4.4211511612,1.503759861,3.789741993,2.9400646179
82,"[-0.005, 0.005, 0]",-0.004,-0.004,30,1,8.3152497963,1.3741283234,15,4.7299764847,14.7695232317,32.598011602,10,4.0565595627,1.2821934223,3.301854372,3.1637656941
83,"[-0.005, 0.005, 0]",-0.004,-0.004,30,1,7.3951601372,1.1269113736,15,4.7975049073,11.4499163888,26.5580367957,10,4.2792716026,1.5317056179,3.689842701,2.7937950691
84,"[-0.005, 0.005, 0]",-0.004,-0.004,30,1,9.247724063,2.9616846131,15,5.2979338855,13.6561468115,12.0446296113,10,4.1719417572,1.4430421591,3.2325618267,2.8910740625
85,"[-0.005, 0.005, 0]",-0.004,-0.004,30,1,8.6504452857,1.7650275192,15,7.3487484335,12.9257240993,31.4913690573,10,4.0441684723,1.3016240597,3.2050480843,3.1070173006
86,"[-0.005, 0.005, 0]",-0.004,-0.004,30,1,3.4279263173,2.8997684851,15,4.2407439272,13.5141579934,-16.4100232716,10,5.1222658157,2.5888381004,4.9921822548,1.9785964271
87,"[-0.005, 0.005, 0]",-0.004,-0.004,30,1,9.741415669,2.389324507,15,7.6255572889,13.3299374743,38.2920580791,10,3.8834619522,1.1078146696,2.8233885765,3.5055159123
88,"[-0.005, 0.005, 0]",-0.004,-0.004,30,1,7.6736497201,1.1352583775,15,2.2245865407,13.7626510952,10.2442289662,10,4.4648828506,1.4559396505,3.7976641655,3.0666675291
89,"[-0.005, 0.005, 0]",-0.004,-0.004,30,1,5.9188465853,2.4486811943,15,4.6641010043,11.8199355416,49.2285671765,10,4.1834077835,2.0675961971,3.8032441139,2.0233195386
90,"[-0.005, 0.005, 0]",-0.004,-0.004,30,1,8.2871950374,0.5383715186,15,3.7746450666,12.030489713,-36.3221733798,10,4.4673347473,0.8097610474,3.6927485466,5.5168555735
91,"[-0.005, 0.005, 0]",-0.004,-0.004,30,1,9.7087208591,1.0423464609,15,3.4862301096,12.0454224292,17.2077232938,10,3.8838539124,0.6491920948,2.9427287579,5.9825958194
92,"[-0.005, 0.005, 0]",-0.004,-0.004,30,1,3.6184551424,0.6894645153,15,9.6801923544,11.1558041707,-29.8837454222,10,5.2494235039,2.2622299194,5.0893030167,2.3204641839
93,"[-0.005, 0.005, 0]",-0.004,-0.004,30,1,7.6201839551,1.4959394284,15,7.1673845446,11.710541266,-11.7507874304,10,4.5682272911,1.519946456,4.015162468,3.005518565
94,"[-0.005, 0.005, 0]",-0.004,-0.004,30,1,8.4936542641,0.7830418388,15,2.9080025504,11.7700466265,29.3785738202,10,1.2792574167,1.0222271681,3.2419896126,1.251441418
95,"[-0.005, 0.005, 0]",-0.004,-0.004,30,1,7.5327224,2.7019891446,15,5.0412858611,12.419028338,38.4498277471,10,4.2339901924,1.8449003696,3.6039290428,2.2949695615
96,"[-0.005, 0.005, 0]",-0.004,-0.004,30,1,4.657041372,2.0199168957,15,3.7742387028,13.5294156251,2.402836704,10,4.9398264885,2.3603644371,4.6957802773,2.0928236381
97,"[-0.005, 0.005, 0]",-0.004,-0.004,30,1,7.3124046081,0.0428869461,15,7.3035621553,13.4610279456,8.948596114,10,4.3517689705,1.2751793861,3.9260087013,3.4126719878
98,"[-0.005, 0.005, 0]",-0.004,-0.004,30,1,9.4348593952,2.1370366058,15,8.3792303294,14.8546080474,23.2649033857,10,4.0151677132,1.1569348574,3.0514247417,3.4705218601
99,"[-0.005, 0.005, 0]",-0.004,-0.004,30,1,7.0844951097,0.663968238,15,3.2320397697,11.0101745136,5.007970482,10,4.5435438156,1.5530916452,4.059946537,2.9254833928
100,"[-0.005, 0.005, 0]",-0.004,-0.004,30,1,6.0034176232,0.0396509997,15,2.3867499622,14.3570525275,-36.7219467215,10,4.9869055748,1.5912822485,4.5008778572,3.1338912877
101,"[-0.005, 0.005, 0]",-0.004,-0.004,30,1,6.8736200243,1.0901734912,15,4.8733559295,11.3423507997,-24.8634156923,10,4.7999157906,1.6029239893,4.2802209854,2.9944749861
102,"[-0.005, 0.005, 0]",-0.004,-0.004,30,1,5.0417411411,0.3050708177,15,9.6074693556,13.476549517,-30.6362041714,10,5.0678296089,1.7413678169,4.6711964607,2.9102579936
103,"[-0.005, 0.005, 0]",-0.004,-0.004,30,1,5.6247154607,2.6374975947,15,8.0571825325,11.1704611306,-28.7414190575,10,4.9536418915,2.1696100235,4.6506695747,2.2831946008
104,"[-0.005, 0.005, 0]",-0.004,-0.004,30,1,3.4978292303,2.2649779882,15,5.5754571408,13.319632721,-23.7072886586,10,5.1651768684,2.5343103409,5.0519170761,2.0380995907
105,"[-0.005, 0.005, 0]",-0.004,-0.004,30,1,6.2250157576,2.7260935697,15,6.1391859506,13.7999673297,-49.6446381433,10,4.955599308,1.7992302179,4.4170069695,2.7542886167
106,"[-0.005, 0.005, 0]",-0.004,-0.004,30,1,4.8539222155,0.4774745617,15,8.2182130976,14.9481534689,-15.0093198468,10,5.017563343,2.116686821,4.8589935303,2.3704797957
107,"[-0.005, 0.005, 0]",-0.004,-0.004,30,1,4.5280278011,1.5365483942,15,6.7099757894,14.3168361441,-23.7501680682,10,5.1029257774,2.2838926315,4.9081406593,2.2343107145
108,"[-0.005, 0.005, 0]",-0.004,-0.004,30,1,6.0085072718,1.0774002137,15,5.9992761264,11.9810673369,4.2335485744,10,4.7411160469,1.9694980383,4.3866176605,2.4072712715
111,"[-0.005, 0.005, 0]",-0.004,-0.004,30,1,7.5963538848,2.1168520014,15,5.9933043309,12.4615204604,-40.6551616178,10,4.7233114243,1.4301418066,3.9886753559,3.3026874695
112,"[-0.005, 0.005, 0]",-0.004,-0.004,30,1,9.4941999265,2.7193979005,15,3.9299730658,14.8823490438,-4.8710365584,10,4.2028741837,1.2814004421,3.1921069622,3.2799069249
113,"[-0.005, 0.005, 0]",-0.004,-0.004,30,1,7.8316084497,2.9080931181,15,8.4228748923,13.0770911666,-1.0668116416,10,4.481959343,1.8188320398,3.8532235622,2.464196388
114,"[-0.005, 0.005, 0]",-0.004,-0.004,30,1,8.7520983565,0.0927727352,15,8.6664016872,12.8619261375,-9.6869462631,10,4.1085982323,0.495098412,3.616351366,8.2985485964
115,"[-0.005, 0.005, 0]",-0.004,-0.004,30,1,5.9269354761,1.1992133253,15,2.3909432655,14.2090645269,-5.9676435143,10,4.856710434,1.9903334379,4.457224369,2.4401491436
116,"[-0.005, 0.005, 0]",-0.004,-0.004,30,1,7.4628188643,2.3074591314,15,9.2765052217,13.8260175547,23.4346416907,10,4.3565897942,1.8005024195,3.7579116821,2.4196522854
117,"[-0.005, 0.005, 0]",-0.004,-0.004,30,1,7.059651209,1.859959013,15,4.5181068275,13.6591709421,-40.510217148,10,4.815387249,1.5996700525,4.1957368851,3.0102377933
118,"[-0.005, 0.005, 0]",-0.004,-0.004,30,1,9.0004563914,1.5291913681,15,6.1317580585,11.8188347071,23.6288759789,10,0.8667857051,1.113825202,3.1735696793,0.7782062244
119,"[-0.005, 0.005, 0]",-0.004,-0.004,30,1,5.9242484805,1.905613373,15,7.6314920639,12.3015640873,-38.8443732618,10,4.9962248802,1.8215718269,4.5040745735,2.7428097022
120,"[-0.005, 0.005, 0]",-0.004,-0.004,30,1,5.9114102818,2.022698455,15,7.7568573228,12.4628539675,12.9490661637,10,4.6900029182,2.1379528046,4.3235087395,2.1936887046
121,"[-0.005, 0.005, 0]",-0.004,-0.004,30,1,7.9498851404,1.0143887492,15,2.7524614488,11.6688645315,44.1007865839,10,3.8119482994,1.2229565382,3.1792292595,3.116994088
122,"[-0.005, 0.005, 0]",-0.004,-0.004,30,1,4.459273346,0.1081691676,15,2.4451298624,14.8847733925,7.569961492,10,4.9091892242,2.1480557919,4.7082672119,2.2854104828
123,"[-0.005, 0.005, 0]",-0.004,-0.004,30,1,7.6323500592,0.8000363493,15,2.9432426177,11.8344299136,-34.0655056839,10,4.6595797539,1.2476685047,4.0067267418,3.7346296202
124,"[-0.005, 0.005, 0]",-0.004,-0.004,30,1,9.5742785625,2.1686462463,15,5.0551799172,13.0527252868,-27.0625292752,10,4.2129130363,0.9783270359,3.233263731,4.306242066
125,"[-0.005, 0.005, 0]",-0.004,-0.004,30,1,6.7424529342,2.8452258877,15,9.4278402128,14.9348584081,28.9727539965,10,4.4387969971,2.0487225056,3.9267096519,2.1666169943
126,"[-0.005, 0.005, 0]",-0.004,-0.004,30,1,9.5836784672,2.2102544872,15,2.9676400999,11.8875204547,-8.7204202291,10,4.201318264,1.0926010609,3.1630520821,3.8452445403
127,"[-0.005, 0.005, 0]",-0.004,-0.004,30,1,4.8454942885,0.6281225985,15,4.7783604309,14.6803671432,-27.8226575303,10,5.1214971542,2.0698451996,4.8390045166,2.4743382526
128,"[-0.005, 0.005, 0]",-0.004,-0.004,30,1,9.9602234215,1.6087599316,15,5.009336288,14.0139207439,12.0748789163,10,3.9525158405,0.7604846358,2.8961799145,5.1973644888
129,"[-0.005, 0.005, 0]",-0.004,-0.004,30,1,4.7604158691,2.2062791396,15,6.2824802687,12.4314280294,3.5411113483,10,4.9084854126,2.3719754219,4.6711440086,2.0693660513
130,"[-0.005, 0.005, 0]",-0.004,-0.004,30,1,5.6182415869,1.4931263171,15,8.7640899907,12.1853590994,6.950877233,10,4.7675056458,2.1337471008,4.4609303474,2.2343349143
131,"[-0.005, 0.005, 0]",-0.004,-0.004,30,1,6.6303187788,2.6919710767,15,7.0392647064,14.3764574967,-19.8635144426,10,4.7615895271,2.010494709,4.3319458961,2.3683671018
132,"[-0.005, 0.005, 0]",-0.004,-0.004,30,1,4.9506366587,0.4914291044,15,4.8322098813,12.1569009139,7.050701527,10,4.8351640701,2.1332178116,4.6152243614,2.2666058964
133,"[-0.005, 0.005, 0]",-0.004,-0.004,30,1,3.4653827006,2.5796745534,15,8.847643412,11.3643931831,-5.4370396366,10,5.05838871,2.5879712105,4.9667491913,1.9545768861
134,"[-0.005, 0.005, 0]",-0.004,-0.004,30,1,5.7626518638,2.1940193001,15,7.4120576699,12.3430157639,19.8419115545,10,4.6490912437,2.1736171246,4.2972750664,2.1388731213
135,"[-0.005, 0.005, 0]",-0.004,-0.004,30,1,7.4737828741,0.5533374029,15,6.0301329622,14.4602486833,-46.7471315479,10,4.7199745178,0.6987403035,3.6598386765,6.754976769
136,"[-0.005, 0.005, 0]",-0.004,-0.004,30,1,8.8390472433,2.3577401856,15,9.8448283269,11.9656006558,-18.0359141179,10,4.3175325394,1.3152500391,3.5598504543,3.2826705273
137,"[-0.005, 0.005, 0]",-0.004,-0.004,30,1,9.9593858423,1.3893409174,15,8.5533209927,11.1043113633,44.1104257336,10,3.5348176956,0.6614104509,2.5301008224,5.3443632326
138,"[-0.005, 0.005, 0]",-0.004,-0.004,30,1,4.3882703163,2.0086018924,15,5.5721906753,13.8683862965,-35.4394327444,10,5.1441364288,2.3036956787,4.9260129929,2.2329930452
139,"[-0.005, 0.005, 0]",-0.004,-0.004,30,1,6.3439030127,2.970457626,15,4.3871451132,13.9585691083,15.7547534656,10,4.6411294937,2.1710600853,4.1920256615,2.1377250336
140,"[-0.005, 0.005, 0]",-0.004,-0.004,30,1,7.7271348809,1.1179183519,15,4.5157142216,11.3503910498,29.2613524657,10,4.1753864288,1.4165506363,3.542121172,2.9475730142
141,"[-0.005, 0.005, 0]",-0.004,-0.004,30,1,5.4567429345,1.1068700081,15,2.4902717117,12.4473765406,33.7621415331,10,4.4660873413,1.9916687012,4.1218314171,2.242384659
143,"[-0.005, 0.005, 0]",-0.004,-0.004,30,1,8.0663889795,1.5619884206,15,4.6711056527,12.9252848444,-14.6443995105,10,4.5237941742,1.3878781796,3.8353190422,3.2595037813
144,"[-0.005, 0.005, 0]",-0.004,-0.004,30,1,6.394974619,0.9905709522,15,3.1721510126,11.6969428946,-17.9764536229,10,4.8446316719,1.8024088144,4.4031963348,2.6878650576
145,"[-0.005, 0.005, 0]",-0.004,-0.004,30,1,6.1731096122,1.1871750092,15,6.9049025318,13.5115844378,23.3518167284,10,4.4920153618,1.8975530863,4.0898575783,2.3672672951
146,"[-0.005, 0.005, 0]",-0.004,-0.004,30,1,3.7353240668,2.7074776208,15,6.3264625199,12.3555257847,24.6869030123,10,4.8239221573,2.4997363091,4.6686930656,1.9297724083
147,"[-0.005, 0.005, 0]",-0.004,-0.004,30,1,7.4133341651,1.0768093771,15,5.7229310946,13.4317216559,-34.550708503,10,4.7490315437,1.2697882652,4.0255322456,3.7400184533
148,"[-0.005, 0.005, 0]",-0.004,-0.004,30,1,7.1895369228,0.0858631717,15,9.0566476428,11.5615423118,-28.4714327914,10,4.6613268852,0.8836912513,4.0284495354,5.2748365207
149,"[-0.005, 0.005, 0]",-0.004,-0.004,30,1,6.1240212546,0.2182063093,15,2.8282295325,12.5869431992,22.7459767563,10,4.4563450813,1.6612106562,4.0893445015,2.6825887884
150,"[-0.005, 0.005, 0]",-0.004,-0.004,30,1,9.6240132651,1.4459074096,15,7.9859788738,11.6043855421,-6.3314490938,10,4.0509586334,0.793371439,3.1914315224,5.106005125
151,"[-0.005, 0.005, 0]",-0.004,-0.004,30,1,8.452917102,1.4475432521,15,4.6025819017,13.0394704115,-13.4705499791,10,4.4342656136,1.2260205746,3.6862728596,3.6167954319
153,"[-0.005, 0.005, 0]",-0.004,-0.004,30,1,4.3029091024,0.5847575658,15,9.9235612142,12.087041037,12.0980535723,10,4.8689699173,2.283506155,4.7023868561,2.132234199
155,"[-0.005, 0.005, 0]",-0.004,-0.004,30,1,6.6580982903,0.4937196587,15,2.4219549048,11.8432071451,36.8499823221,10,0.3034770191,1.48174119,3.6619200706,0.2048110838
156,"[-0.005, 0.005, 0]",-0.004,-0.004,30,1,5.7842168025,2.4036641233,15,2.691899133,13.8538293382,9.4856286179,10,4.7723155022,2.1978416443,4.3782615662,2.1713645815
157,"[-0.005, 0.005, 0]",-0.004,-0.004,30,1,8.0696221925,2.8434320486,15,3.7480219902,12.0475174414,-15.585532925,10,4.5208086967,1.7261893749,3.7875299454,2.6189529158
158,"[-0.005, 0.005, 0]",-0.004,-0.004,30,1,9.1031896364,2.345794486,15,8.4808863641,11.4542136474,22.9347646628,10,4.1005716324,1.3332878351,3.1940531731,3.0755336728
159,"[-0.005, 0.005, 0]",-0.004,-0.004,30,1,5.1338667504,1.0454615977,15,3.9494724034,12.6365386431,48.8192424269,10,3.9769449234,1.8739113808,3.5694155693,2.1222694756
160,"[-0.005, 0.005, 0]",-0.004,-0.004,30,1,6.3069327965,0.8097375717,15,4.7783289555,11.7415159921,24.9763129787,10,4.4370937347,1.7767188549,4.0218663216,2.4973527593
161,"[-0.005, 0.005, 0]",-0.004,-0.004,30,1,9.438330917,1.7957645174,15,3.3739948006,13.1808444336,41.0489417561,10,3.8352296352,1.0143524408,2.811445713,3.7809635792
162,"[-0.005, 0.005, 0]",-0.004,-0.004,30,1,5.8179063063,0.1759198872,15,5.1718068776,14.2842630231,20.8260319805,10,4.4834384918,1.763219595,4.1768593788,2.5427567302
163,"[-0.005, 0.005, 0]",-0.004,-0.004,30,1,7.5790448485,2.0299575969,15,5.6376133397,11.5238853937,25.0597625845,10,2.6801021099,1.7108845711,3.7114024162,1.5665008354
165,"[-0.005, 0.005, 0]",-0.004,-0.004,30,1,3.7069137636,1.9009121663,15,5.7147998521,13.9373999123,-43.5889707961,10,5.2364087105,2.3138356209,5.0402994156,2.2630858749
166,"[-0.005, 0.005, 0]",-0.004,-0.004,30,1,8.6878146017,2.7422850496,15,8.3715232064,14.9817735392,-27.4415571316,10,4.4224534035,1.4015498161,3.6240122318,3.1554022216
168,"[-0.005, 0.005, 0]",-0.004,-0.004,30,1,9.1376765421,0.9693607562,15,5.8913431127,11.8971624342,-5.1041654712,10,4.1265859604,0.8223593235,3.3948886395,5.0179840399
169,"[-0.005, 0.005, 0]",-0.004,-0.004,30,1,8.2779208026,0.7894080582,15,5.3436818115,13.4810296254,-36.8981760852,10,4.5244503021,0.8071616888,3.6503453255,5.605382868
170,"[-0.005, 0.005, 0]",-0.004,-0.004,30,1,3.504984262,1.4769615314,15,4.1880510075,12.0071972857,21.7920283742,10,4.8540644646,2.4288568497,4.7189292908,1.9984975505
171,"[-0.005, 0.005, 0]",-0.004,-0.004,30,1,5.1339783086,2.0462313488,15,2.8945871808,13.3050518254,8.4063696905,10,4.8507041931,2.2801470757,4.5494980812,2.1273646095
172,"[-0.005, 0.005, 0]",-0.004,-0.004,30,1,6.7312594855,2.1301815752,15,8.7954450317,12.9970249105,25.2832638781,10,4.4533004761,1.9519531727,3.9563136101,2.2814586632
173,"[-0.005, 0.005, 0]",-0.004,-0.004,30,1,3.5853861466,0.5642916872,15,3.3348872265,13.3199653473,-24.0034346731,10,5.2341146469,2.3991208076,5.0841946602,2.1816803182
174,"[-0.005, 0.005, 0]",-0.004,-0.004,30,1,6.2953041381,2.8559218167,15,9.3315271703,11.7698113475,-24.3318305943,10,4.8129887581,2.0877053738,4.4580168724,2.3053965462
175,"[-0.005, 0.005, 0]",-0.004,-0.004,30,1,4.2547962491,2.8513169698,15,6.6119307204,13.2406054249,-23.0308000565,10,5.0762619972,2.4735622406,4.9011898041,2.0522071019
177,"[-0.005, 0.005, 0]",-0.004,-0.004,30,1,4.1732534549,1.4234766879,15,9.6149420426,13.4793721323,1.3110854762,10,4.9836807251,2.416778326,4.8293595314,2.062117436
178,"[-0.005, 0.005, 0]",-0.004,-0.004,30,1,9.9311122536,1.6210004369,15,8.028059146,11.2051398451,34.5363016807,10,3.7653386593,0.7946869731,2.6991891861,4.7381406601
179,"[-0.005, 0.005, 0]",-0.004,-0.004,30,1,7.3266565052,2.7060040601,15,3.0191452373,12.447204181,-33.0735039052,10,4.6963024139,1.8853074312,4.0744643211,2.4910008501
180,"[-0.005, 0.005, 0]",-0.004,-0.004,30,1,3.2822897928,0.9654211524,15,5.7202128308,12.3641232346,-22.0871113673,10,5.2195878029,2.4755454063,5.1333785057,2.1084597315
181,"[-0.005, 0.005, 0]",-0.004,-0.004,30,1,7.2732857874,2.0415615271,15,4.1747520601,11.0299487215,-44.605886092,10,4.770608902,1.5648509264,4.1251721382,3.0486027912
182,"[-0.005, 0.005, 0]",-0.004,-0.004,30,1,6.7957018212,2.5187145199,15,9.835747531,11.8452397353,-49.3063929475,10,4.8747730255,1.4584140778,4.1082959175,3.3425164361
183,"[-0.005, 0.005, 0]",-0.004,-0.004,30,1,9.0007509403,0.3674697895,15,5.6380253669,12.3518661321,-34.7388846689,10,4.1931929588,0.3063960373,3.2930746078,13.6855326042
184,"[-0.005, 0.005, 0]",-0.004,-0.004,30,1,6.9751211948,2.5062219813,15,8.146091851,14.6222024376,-48.9745605174,10,4.8660311699,1.4369777441,4.0717740059,3.3862954314
185,"[-0.005, 0.005, 0]",-0.004,-0.004,30,1,8.6661631596,2.9416586121,15,8.1360389025,11.291663726,35.2769328662,10,4.1257123947,1.6159344912,3.2881343365,2.5531433466
186,"[-0.005, 0.005, 0]",-0.004,-0.004,30,1,8.456985905,0.8943102864,15,6.2019634216,14.7451960674,-3.7064538765,10,4.2469029427,1.0899857283,3.661765337,3.8962922473
187,"[-0.005, 0.005, 0]",-0.004,-0.004,30,1,6.6881542676,1.3002141412,15,9.2037748758,13.621025514,-4.1214820935,10,4.6609888077,1.8112556934,4.282497406,2.5733466703
188,"[-0.005, 0.005, 0]",-0.004,-0.004,30,1,6.981880618,1.2484065978,15,8.204497423,11.3673620134,17.0776488802,10,4.4624066353,1.7301461697,3.9679620266,2.5792078805
189,"[-0.005, 0.005, 0]",-0.004,-0.004,30,1,6.9138223185,1.0694315174,15,6.7717053487,12.0340065987,-22.6794428555,10,4.7659020424,1.5639469624,4.2684874535,3.0473552858
190,"[-0.005, 0.005, 0]",-0.004,-0.004,30,1,6.7270177029,2.7811529606,15,2.9962557026,13.867397489,-10.7711758029,10,4.7313189507,2.0542869568,4.21179533,2.3031441323
191,"[-0.005, 0.005, 0]",-0.004,-0.004,30,1,8.7849566203,1.838514507,15,3.5020653911,11.2894283404,11.8836417913,10,2.7051613331,1.2805244923,3.4007849693,2.1125416573
192,"[-0.005, 0.005, 0]",-0.004,-0.004,30,1,3.7983779209,2.1906764269,15,5.9410512979,12.2006719479,13.5319675825,10,4.9293637276,2.4864583015,4.7737298012,1.9824839711
193,"[-0.005, 0.005, 0]",-0.004,-0.004,30,1,5.9760112298,0.637320129,15,3.7112201192,12.6846641055,8.7548416568,10,4.6908807755,1.8853290081,4.3408994675,2.4880966427
194,"[-0.005, 0.005, 0]",-0.004,-0.004,30,1,7.8860221925,1.9824544852,15,2.2778265124,12.4810602259,23.0454324989,10,2.4387848377,1.6067912579,3.6362268925,1.5177981743
195,"[-0.005, 0.005, 0]",-0.004,-0.004,30,1,8.6563792442,1.4301930148,15,6.664935546,11.4001812647,24.9189689384,10,4.0743560791,1.2127581835,3.288793087,3.3595783023
196,"[-0.005, 0.005, 0]",-0.004,-0.004,30,1,5.3198023087,2.1444670783,15,8.8228102856,14.3582495943,5.2383411555,10,4.8189959526,2.2783434391,4.5373506546,2.1151314898
197,"[-0.005, 0.005, 0]",-0.004,-0.004,30,1,7.0024995163,2.1595858299,15,6.7349606031,12.2286548027,-40.6923469225,10,4.8350214958,1.584087491,4.177529335,3.0522439721
198,"[-0.005, 0.005, 0]",-0.004,-0.004,30,1,6.2153831242,1.3964311606,15,8.3350382666,11.4255592693,14.266707338,10,2.7374258041,1.973187089,4.2320995331,1.3873118365
199,"[-0.005, 0.005, 0]",-0.004,-0.004,30,1,7.2252721846,1.8861485996,15,5.684484368,11.4906776094,-39.7741399987,10,4.7923321724,1.4976444244,4.1262674332,3.1999132065
200,"[-0.005, 0.005, 0]",-0.004,-0.004,30,1,8.469674742,2.9136249799,15,3.1947242363,11.105481088,-30.0373559967,10,4.4738740921,1.6334422827,3.6521229744,2.7389238907
201,"[-0.005, 0.005, 0]",-0.004,-0.004,30,1,5.1371842838,2.1829410759,15,3.8051689457,14.8227157228,23.8973740832,10,4.692586422,2.2647953033,4.3835663795,2.0719693365
202,"[-0.005, 0.005, 0]",-0.004,-0.004,30,1,8.008858545,0.0337482397,15,8.6388126918,14.978854788,-9.6436691097,10,4.3456792831,0.8058428168,3.9104719162,5.3927133088
204,"[-0.005, 0.005, 0]",-0.004,-0.004,30,1,8.4368513691,1.2040363043,15,6.845970376,11.0012182723,13.8105751251,10,4.2111525536,1.2271111012,3.5071525574,3.4317614351
205,"[-0.005, 0.005, 0]",-0.004,-0.004,30,1,5.9216392061,0.475537408,15,4.7823896375,12.8116237062,41.1037302034,10,4.0058584213,1.6293931007,3.7023026943,2.4584972279
206,"[-0.005, 0.005, 0]",-0.004,-0.004,30,1,8.2593968204,1.9869546836,15,9.997020012,12.0729277054,-13.3977537361,10,4.415435791,1.4316245317,3.7844479084,3.0842135582
207,"[-0.005, 0.005, 0]",-0.004,-0.004,30,1,8.3935432893,2.58450165,15,2.57800012,14.1840668965,0.9711035428,10,3.7844479084,3.7844479084,3.7844479084,1
208,"[-0.005, 0.005, 0]",-0.004,-0.004,30,1,8.5432691553,1.6918813399,15,3.0298546747,11.3049669507,0.6997055364,10,4.3648524284,1.3109111786,3.5631194115,3.3296324722
209,"[-0.005, 0.005, 0]",-0.004,-0.004,30,1,7.0837177477,1.1837128848,15,3.9648127088,11.1250317721,-6.0881268035,10,4.6653766632,1.6561537981,4.1381030083,2.8169948157
210,"[-0.005, 0.005, 0]",-0.004,-0.004,30,1,5.4598557147,2.9309660254,15,8.2795759007,12.637939288,-6.3786616434,10,4.8586363792,2.3368957043,4.5713124275,2.0790985111
211,"[-0.005, 0.005, 0]",-0.004,-0.004,30,1,5.3872641286,2.1836273907,15,5.8281634404,11.9790497558,-20.9885760872,10,4.9623765945,2.2185413837,4.67355299,2.2367744099
212,"[-0.005, 0.005, 0]",-0.004,-0.004,30,1,5.1719411646,0.1065238115,15,6.483585594,13.4653134789,34.223026649,10,4.2997980118,1.754575491,4.0373039246,2.4506201266
213,"[-0.005, 0.005, 0]",-0.004,-0.004,30,1,7.6283505867,1.8780486989,15,9.0233508073,11.554890428,-5.7860928774,10,4.5300898552,1.6353228092,3.9726662636,2.7701502295
214,"[-0.005, 0.005, 0]",-0.004,-0.004,30,1,5.0077309823,0.1632176892,15,8.6543389076,13.7354430028,-19.2402630755,10,5.0152525902,1.9396620989,4.8218054771,2.5856321021
215,"[-0.005, 0.005, 0]",-0.004,-0.004,30,1,5.5751747183,1.4450450754,15,9.1197728962,14.0948316404,-26.1242625388,10,5.00111866,1.9693924189,4.6704111099,2.5394221142
216,"[-0.005, 0.005, 0]",-0.004,-0.004,30,1,7.5087990702,1.648310849,15,5.475824843,11.7107276436,19.5908465613,10,4.3791842461,1.6444392204,3.778570652,2.6630259067
217,"[-0.005, 0.005, 0]",-0.004,-0.004,30,1,9.2196443753,0.6104272502,15,6.9430404271,13.9211166093,34.2879850008,10,3.532366991,0.6492430568,2.8049998283,5.4407466575
218,"[-0.005, 0.005, 0]",-0.004,-0.004,30,1,9.5796636871,2.7452331219,15,4.7631785726,13.6516927916,-21.1309429725,10,1.5420387983,1.2111614943,3.2126147747,1.2731900788
219,"[-0.005, 0.005, 0]",-0.004,-0.004,30,1,7.307010186,2.1422850465,15,7.9448727281,13.371981399,-36.8696821425,10,4.7642383575,1.5247371197,4.0875039101,3.1246293516
220,"[-0.005, 0.005, 0]",-0.004,-0.004,30,1,4.8288879136,0.4331666604,15,7.8405227942,11.6373380045,-6.0210914552,10,4.9493713379,2.1678593159,4.805606842,2.2830685099
221,"[-0.005, 0.005, 0]",-0.004,-0.004,30,1,8.4969858427,2.9285214866,15,8.1526028631,13.6064629832,8.252210065,10,4.3045349121,1.6419355869,3.5558745861,2.621622277
222,"[-0.005, 0.005, 0]",-0.004,-0.004,30,1,5.5237642305,2.7683799949,15,2.3628254319,12.3397394674,-14.4559454167,10,3.5558745861,3.5558745861,3.5558745861,1
223,"[-0.005, 0.005, 0]",-0.004,-0.004,30,1,4.7951320938,2.5324698138,15,7.7291643933,12.677705348,26.7409158732,10,4.6974682808,2.3540990353,4.4434018135,1.9954420823
224,"[-0.005, 0.005, 0]",-0.004,-0.004,30,1,5.8313765697,2.5911932609,15,5.6659091119,12.8683717493,21.997988336,10,4.6320447922,2.2092962265,4.256105423,2.096615536
225,"[-0.005, 0.005, 0]",-0.004,-0.004,30,1,7.1775695731,0.7687101883,15,6.4395573907,13.0402482372,-37.3949803408,10,4.7743515968,1.1442104578,4.0199394226,4.1726166408
226,"[-0.005, 0.005, 0]",-0.004,-0.004,30,1,4.7969264599,2.3255172611,15,4.3011725758,13.0394774192,31.4781188549,10,4.6285634041,2.3153216839,4.3694047928,1.9991016524
227,"[-0.005, 0.005, 0]",-0.004,-0.004,30,1,7.1131311927,0.3799408685,15,5.1432988606,12.3616110664,40.5096011921,10,3.7908551693,1.2520025969,3.3546655178,3.0278333119
228,"[-0.005, 0.005, 0]",-0.004,-0.004,30,1,9.6689742341,1.2034385518,15,6.3993599494,13.7884480795,47.0402134453,10,3.3850622177,0.6677538753,2.3813712597,5.0693262041
229,"[-0.005, 0.005, 0]",-0.004,-0.004,30,1,4.2679148148,2.2576501847,15,9.5696575588,13.2992719263,-24.4087200418,10,5.0972528458,2.4081737995,4.9671187401,2.1166465837
230,"[-0.005, 0.005, 0]",-0.004,-0.004,30,1,6.0104752814,0.161996631,15,4.4812642831,13.9716412262,-28.286057065,10,4.9250907898,1.6064996719,4.5069651604,3.0657278528
231,"[-0.005, 0.005, 0]",-0.004,-0.004,30,1,8.2354766821,0.0411252864,15,3.0224192044,13.4176445094,-44.684452329,10,3.3414018154,0.4495407939,3.5268344879,7.4329223527
232,"[-0.005, 0.005, 0]",-0.004,-0.004,30,1,8.2230475719,2.9593654702,15,7.3865302441,13.6338389219,5.6436212378,10,4.37566185,1.7243983746,3.6650578976,2.5375005651
233,"[-0.005, 0.005, 0]",-0.004,-0.004,30,1,6.2330892352,1.157787227,15,3.9002761592,12.9243622836,7.5582753658,10,4.6948447227,1.9085491896,4.2811040878,2.4599023952
234,"[-0.005, 0.005, 0]",-0.004,-0.004,30,1,4.8356919649,0.2671402398,15,7.9252955031,12.3247722497,-11.4878909897,10,4.9503383636,2.1039471626,4.8482785225,2.3528815037
235,"[-0.005, 0.005, 0]",-0.004,-0.004,30,1,9.516553394,2.0764426337,15,5.5933883002,11.1053110096,3.2467380632,10,4.1168832779,1.0765410662,3.1651015282,3.8241767149
236,"[-0.005, 0.005, 0]",-0.004,-0.004,30,1,8.5752996355,0.8358797947,15,3.031567357,14.7682731221,2.5051092523,10,4.2720050812,1.0376394987,3.526068449,4.1170416956
237,"[-0.005, 0.005, 0]",-0.004,-0.004,30,1,4.620028866,0.1706571047,15,8.8231654372,14.4488051724,15.7876393927,10,4.733748436,2.1101911068,4.563062191,2.2432794929
238,"[-0.005, 0.005, 0]",-0.004,-0.004,30,1,3.2292163349,0.6608130371,15,5.4284666601,13.2233624914,-27.9021262334,10,5.271150589,2.4219305515,5.1600375175,2.1764251604
239,"[-0.005, 0.005, 0]",-0.004,-0.004,30,1,6.2940420033,1.8107154543,15,2.3542300269,12.9998269623,36.6199428726,10,4.3736329079,1.942532897,3.9213452339,2.2515103423
240,"[-0.005, 0.005, 0]",-0.004,-0.004,30,1,8.7488177807,0.9131185659,15,5.8185910643,11.7982107887,-8.9042873602,10,1.5101963282,0.9507235885,3.5773751736,1.5884704519
241,"[-0.005, 0.005, 0]",-0.004,-0.004,30,1,3.8451225503,1.8837274133,15,8.5402831104,14.9234928374,-40.1766587035,10,5.2317619324,2.2414200306,4.9742512703,2.334128303
242,"[-0.005, 0.005, 0]",-0.004,-0.004,30,1,8.6115216286,1.7402828919,15,5.5017303986,11.479047769,-20.3785553348,10,4.4260849953,1.2129640579,3.6442306042,3.648982809
243,"[-0.005, 0.005, 0]",-0.004,-0.004,30,1,6.7611682257,0.4205277585,15,7.8945384434,12.0169396505,-41.290491257,10,4.8180932999,0.9611425996,3.946819067,5.012880817
244,"[-0.005, 0.005, 0]",-0.004,-0.004,30,1,9.2600561494,2.0987703623,15,4.3069845533,13.0906882106,5.6747003813,10,4.1801424026,1.1760523319,3.2421803474,3.5543846895
245,"[-0.005, 0.005, 0]",-0.004,-0.004,30,1,6.1019349536,2.3564241629,15,7.1235273613,11.7225138922,-45.5899338226,10,4.9838171005,1.7671010494,4.4401073456,2.8203350918
246,"[-0.005, 0.005, 0]",-0.004,-0.004,30,1,9.0722236433,1.509924368,15,3.9609369536,14.7121286396,-26.0938251085,10,4.354268074,0.954685688,3.4390692711,4.5609441188
247,"[-0.005, 0.005, 0]",-0.004,-0.004,30,1,7.0930998854,1.4082476397,15,5.3552623806,12.2588558098,22.4284509868,10,4.3984913826,1.7016403675,3.8603622913,2.5848536898
248,"[-0.005, 0.005, 0]",-0.004,-0.004,30,1,7.2184547088,2.660956216,15,8.6911427352,11.6379166662,14.8742299357,10,4.4839010239,1.9467829466,3.9446413517,2.3032362348
249,"[-0.005, 0.005, 0]",-0.004,-0.004,30,1,8.6926494907,1.9585447004,15,9.1085936022,12.3866498828,-31.674221406,10,4.4311919212,1.0966396332,3.5660133362,4.0407001418
250,"[-0.005, 0.005, 0]",-0.004,-0.004,30,1,3.9475499844,0.9000664576,15,3.4007004129,13.7352806609,8.9462463197,10,4.9660110474,2.3639523983,4.7910790443,2.1007237925
251,"[-0.005, 0.005, 0]",-0.004,-0.004,30,1,5.2096111326,0.8674137404,15,6.8054639196,11.7115751177,8.2042044058,10,4.8124279976,2.1410396099,4.5498828888,2.2477061962
252,"[-0.005, 0.005, 0]",-0.004,-0.004,30,1,4.0682575633,2.9912277744,15,7.6993974815,13.6785583588,-21.2821975666,10,5.0705723763,2.5139212608,4.9349780083,2.0169972923
253,"[-0.005, 0.005, 0]",-0.004,-0.004,30,1,8.5711749325,1.3156534525,15,7.0318430737,13.9750756688,-48.2063625592,10,4.5269994736,0.5351127386,3.3326406479,8.4598985353
